INSERT INTO producers(id, company_name, country_code, creation_date)
VALUES (1, 'Novartis', 'AU', '1960-11-12'),
       (2, 'Pfizer', 'PL', '2001-10-17'),
       (3, 'Lipitor', 'BE', '1986-01-01'),
       (4, 'Watson', 'SE', '1977-03-20'),
       (5, 'Wyeth', 'CA', '1995-07-10'),
       (6, 'Procter and Gamble', 'JP', '1964-08-31'),
       (7, 'BigPharma', 'CA', '1972-08-30'),
       (8, 'Merck', 'HR', '1967-11-12'),
       (9, 'Roche Pharmaceuticals', 'AT', '1987-06-19'),
       (10, 'Janssen', 'US', '1966-08-15'),
       (11, 'Amgen', 'KR', '1980-04-22'),
       (12, 'Bristol Myers Squibb', 'US', '2000-09-08'),
       (13, 'Biogen', 'US', '1983-04-11'),
       (14, 'Bayer', 'AT', '1938-10-28'),
       (15, 'CSL', 'AU', '1889-08-11'),
       (16, 'Vertex Pharmaceuticals', 'US', '1920-06-30'),
       (17, 'UCB', 'BE', '1956-02-08'),
       (18, 'Abbott', 'US', '1949-03-07'),
       (19, 'Jazz Pharmaceuticals', 'KR', '1962-06-20'),
       (20, 'GlaxoSmithKline', 'HR', '1978-09-24');

INSERT INTO medicines(id, title, is_nonprescription, producer_id, approval_date, medicine_image_path)
VALUES (1, 'Lisinopril', false, 1, '1999-11-12', '/img/medicine/Lisinopril.jpg'),
       (2, 'Metformin', false, 2, '2005-10-17', '/img/medicine/Metformin.jpg'),
       (3, 'Omeprazole', false, 3, '2010-01-01', '/img/medicine/Omeprazole.jpg'),
       (4, 'Warfarin', false, 4, '2002-03-20', '/img/medicine/Warfarin.jpg'),
       (5, 'Amoxicillin', false, 5, '1997-07-10', '/img/medicine/Amoxicillin.jpg'),
       (6, 'Ibuprofen', true, 6, '2010-08-31', '/img/medicine/Ibuprofen.jpg'),
       (7, 'Atenolol', false, 7, '1995-08-30', '/img/medicine/Atenolol.jpg'),
       (8, 'Atorvastatin', false, 8, '1999-11-12', '/img/medicine/Atorvastatin.jpg'),
       (9, 'Meloxicam', true, 9, '2007-06-19', '/img/medicine/Meloxicam.jpg'),
       (10, 'Cyclobenzaprine', false, 10, '1989-08-15', '/img/medicine/Cyclobenzaprine.jpg'),
       (11, 'Clonazepam', false, 11, '2000-04-22', '/img/medicine/Clonazepam.jpg'),
       (12, 'Methylphenidate', false, 12, '2018-09-08', '/img/medicine/Methylphenidate.jpg'),
       (13, 'Estradiol', true, 13, '1978-04-11', '/img/medicine/Estradiol.jpg'),
       (14, 'Ondansetron', false, 14, '2012-10-28', '/img/medicine/Ondansetron.jpg'),
       (15, 'Naproxen', false, 15, '1998-08-11', '/img/medicine/Naproxen.jpg'),
       (16, 'Spironolactone', false, 16, '2004-06-30', '/img/medicine/Spironolactone.jpg'),
       (17, 'Clonidine', true, 17, '1985-02-08', '/img/medicine/Clonidine.jpg'),
       (18, 'Loratadine', false, 18, '2006-03-07', '/img/medicine/Loratadine.jpg'),
       (19, 'Lorazepam', false, 19, '1999-06-20', '/img/medicine/Lorazepam.jpg'),
       (20, 'Diltiazem', false, 20, '2008-09-24', '/img/medicine/Diltiazem.jpg');

INSERT INTO medicine_products(id, medicine_id, dosage, form, price, amount)
VALUES (1, 14, 145, 'tablets', 7.96, 59),
       (2, 20, 160, 'liquid', 97.26, 14),
       (3, 19, 130, 'tablets', 237.99, 89),
       (4, 18, 195, 'tablets', 22.64, 158),
       (5, 3, 175, 'tablets', 299.34, 42),
       (6, 13, 150, 'liquid', 22.89, 577),
       (7, 14, 145, 'tablets', 296.84, 63),
       (8, 18, 195, 'tablets', 216.27, 39),
       (9, 17, 215, 'capsules', 239.15, 28),
       (10, 13, 150, 'liquid', 241.89, 94),
       (11, 4, 250, 'tablets', 51.49, 57),
       (12, 8, 250, 'tablets', 293.33, 26),
       (13, 16, 125, 'tablets', 149.17, 89),
       (14, 20, 160, 'liquid', 285.34, 96),
       (15, 15, 170, 'tablets', 285.25, 33),
       (16, 13, 150, 'liquid', 4.72, 85),
       (17, 14, 145, 'tablets', 161.24, 132),
       (18, 3, 175, 'tablets', 171.71, 740),
       (19, 2, 190, 'tablets', 264.40, 92),
       (20, 12, 110, 'tablets', 212.92, 6),
       (21, 11, 230, 'liquid', 270.37, 19),
       (22, 15, 170, 'tablets', 22.04, 378),
       (23, 11, 230, 'liquid', 224.74, 18),
       (24, 17, 215, 'capsules', 159.43, 99),
       (25, 9, 220, 'capsules', 192.29, 107),
       (26, 20, 160, 'liquid', 116.94, 225),
       (27, 12, 110, 'tablets', 137.52, 470),
       (28, 7, 180, 'tablets', 48.84, 12),
       (29, 3, 175, 'tablets', 75.21, 53),
       (30, 15, 170, 'tablets', 45.36, 64),
       (31, 10, 190, 'tablets', 4.58, 94),
       (32, 16, 125, 'tablets', 99.76, 82),
       (33, 7, 180, 'tablets', 115.87, 84),
       (34, 2, 190, 'tablets', 95.21, 47),
       (35, 8, 250, 'tablets', 32.82, 636),
       (36, 4, 250, 'tablets', 112.63, 724),
       (37, 10, 190, 'tablets', 129.93, 543),
       (38, 5, 150, 'liquid', 235.71, 75),
       (39, 9, 220, 'capsules', 237.99, 73),
       (40, 6, 210, 'tablets', 4.17, 36),
       (41, 7, 180, 'tablets', 126.65, 64),
       (42, 20, 160, 'liquid', 141.57, 42),
       (43, 5, 150, 'liquid', 227.73, 36),
       (44, 4, 250, 'tablets', 258.74, 865),
       (45, 6, 210, 'tablets', 237.81, 35),
       (46, 10, 190, 'tablets', 109.01, 262),
       (47, 6, 210, 'tablets', 213.96, 646),
       (48, 17, 215, 'capsules', 46.48, 75),
       (49, 16, 125, 'tablets', 151.04, 33),
       (50, 12, 110, 'tablets', 13.46, 567),
       (51, 1, 125, 'tablets', 104.52, 836),
       (52, 3, 175, 'tablets', 58.20, 50),
       (53, 18, 195, 'tablets', 297.29, 164),
       (54, 11, 230, 'liquid', 59.19, 85),
       (55, 4, 250, 'tablets', 124.15, 35),
       (56, 8, 250, 'tablets', 7.11, 64),
       (57, 1, 125, 'tablets', 142.77, 77),
       (58, 19, 130, 'tablets', 170.66, 32),
       (59, 2, 190, 'tablets', 114.69, 736),
       (60, 9, 220, 'capsules', 247.36, 8);

INSERT INTO addresses(health_care_card_number, postcode, city, street, house, apartment)
VALUES (1000000000000001, 99950, 'Washington', 'Cherry street', 54, 28),
       (1000000000000002, 00501, 'Cleveland', 'Willow street', 148, 4),
       (1000000000000003, 33122, 'Columbus', 'Mill street', 109, 38),
       (1000000000000004, 10551, 'Buffalo', 'Park street', 63, 35),
       (1000000000000005, 30374, 'Omaha', 'Birch street', 38, 29),
       (1000000000000006, 10020, 'Boston', 'Oak street', 17, 6),
       (1000000000000007, 94229, 'Houston', 'Elm street', 65, 43),
       (1000000000000008, 46209, 'Portland', 'Mill street', 121, 20),
       (1000000000000009, 00544, 'Des Moines', 'Mill street', 195, 17),
       (1000000000000010, 94177, 'Columbus', 'Spring street', 91, 11),
       (1000000000000011, 90086, 'Louisville', 'Lake street', 121, 51),
       (1000000000000012, 90213, 'Phoenix', 'Main street', 79, 45),
       (1000000000000013, 90312, 'Albuquerque', 'Sycamore street', 133, 35),
       (1000000000000014, 20210, 'Detroit', 'Valley street', 149, 36),
       (1000000000000015, 43027, 'Detroit', 'Hill street', 77, 25),
       (1000000000000016, 43010, 'Sacramento', 'Sycamore street', 79, 44),
       (1000000000000017, 43336, 'Memphis', 'Mill street', 105, 49),
       (1000000000000018, 43093, 'Austin', 'Ridge street', 99, 15),
       (1000000000000019, 43058, 'Houston', 'Maple street', 71, 7),
       (1000000000000020, 43030, 'Arlington', 'Third street', 86, 14),
       (1000000000000021, 96898, 'Boston', 'Cedar street', 52, 20),
       (1000000000000022, 01093, 'Nashville', 'North street', 119, 21),
       (1000000000000023, 01031, 'Des Moines', 'Cherry street', 163, 21),
       (1000000000000024, 01101, 'Arlington', 'Sycamore street', 83, 26),
       (1000000000000025, 01079, 'Buffalo', 'View street', 97, 9),
       (1000000000000026, 01059, 'Chicago', 'Elm street', 35, 19),
       (1000000000000027, 01009, 'Houston', 'Sunset street', 189, 14),
       (1000000000000028, 01004, 'Louisville', 'Lake street', 152, 41),
       (1000000000000029, 01094, 'Chicago', 'Ridge street', 36, 43),
       (1000000000000030, 98071, 'Sacramento', 'Lincoln street', 187, 15),
       (1000000000000031, 98291, 'Orlando', 'Park street', 41, 45),
       (1000000000000032, 98093, 'Salem', 'Cedar street', 81, 29),
       (1000000000000033, 98083, 'Arlington', 'Lake street', 191, 10),
       (1000000000000034, 98064, 'Cleveland', 'Oak street', 73, 30),
       (1000000000000035, 98046, 'Chicago', 'Main street', 25, 24),
       (1000000000000036, 98015, 'Phoenix', 'Maple street', 31, 14),
       (1000000000000037, 08073, 'Portland', 'Oak street', 80, 29),
       (1000000000000038, 32056, 'Denver', 'Spring street', 148, 28),
       (1000000000000039, 00851, 'Louisville', 'Main street', 46, 43),
       (1000000000000040, 42223, 'Cleveland', 'Cedar street', 24, 11);

INSERT INTO personal_info(health_care_card_number, surname, name, date_of_birth, phone, email,
                          position, personal_account, payment_card_number)
VALUES (1000000000000001, 'Taylor', 'Carol', '1964-11-23', '+11279081047',
        'carol_taylor1964@gmail.com', 'supervisor', 1478.03, '7867140722395394'),
       (1000000000000002, 'Hill', 'Louis', '1959-12-04', '+11735329030',
        'louis_hill1959@gmail.com', 'assistant', 4865.94, '4995610014131248'),
       (1000000000000003, 'Rodriguez', 'Noah', '1983-09-03', '+18421332846',
        'noah_rodriguez1983@gmail.com', 'cashier', 4101.63, '6508153118042907'),
       (1000000000000004, 'Harris', 'Dorothy', '1988-02-10', '+12468286213',
        'dorothy_harris1988@gmail.com', 'cashier', 3618.08, '9411588814254838'),
       (1000000000000005, 'Torres', 'Randy', '1970-04-22', '+13711961544',
        'randy_torres1970@gmail.com', 'assistant', 747.42, '4215950349557450'),
       (1000000000000006, 'Lee', 'Amelia', '1976-08-26', '+17213232070',
        'amelia_lee1976@gmail.com', 'technician', 5098.25, '9294043761709207');

INSERT INTO personal_info(health_care_card_number, surname, name, date_of_birth, phone, email,
                          personal_account, payment_card_number)
VALUES (1000000000000007, 'Scott', 'Benjamin', '1997-09-09', '+16446667131',
        'benjamin_scott1997@gmail.com', 1478.03, '7867140722395394'),
       (1000000000000008, 'Thompson', 'Mia', '1964-03-16', '+19035250344',
        'mia_thompson1964@gmail.com', 4865.94, '4995610014131248'),
       (1000000000000009, 'Ross', 'Lucas', '1964-07-09', '+13427455498',
        'lucas_ross1964@gmail.com', 4101.63, '6508153118042907'),
       (1000000000000010, 'Young', 'Dorothy', '1969-08-14', '+19715179594',
        'dorothy_young1969@gmail.com', 3618.08, '9411588814254838'),
       (1000000000000011, 'Wilson', 'Samantha', '1951-05-15', '+12071480871',
        'samantha_wilson1951@gmail.com', 747.42, '4215950349557450'),
       (1000000000000012, 'Hall', 'Oliver', '1971-09-05', '+19749243601',
        'oliver_hall1971@gmail.com', 5098.25, '9294043761709207'),
       (1000000000000013, 'Robinson', 'Virginia', '1962-02-04', '+11902647316',
        'virginia_robinson1962@gmail.com', 2981.80, '9248722810643691'),
       (1000000000000014, 'Anderson', 'Sophia', '1997-02-13', '+16266918981',
        'sophia_anderson1997@gmail.com', 2876.49, '7806960316351622'),
       (1000000000000015, 'Turner', 'Alan', '1958-10-05', '+18900227787',
        'alan_turner1958@gmail.com', 2116.46, '6410609807024890'),
       (1000000000000016, 'Turner', 'Vincent', '1959-11-16', '+17243114200',
        'vincent_turner1959@gmail.com', 2054.32, '3215657260959000'),
       (1000000000000017, 'Thompson', 'Isabella', '1979-11-25', '+15505195216',
        'isabella_thompson1979@gmail.com', 4238.02, '6849906903459386'),
       (1000000000000018, 'Young', 'Russell', '1954-04-06', '+14887926646',
        'russell_young1954@gmail.com', 400.61, '9436413343367910'),
       (1000000000000019, 'Lewis', 'Randy', '1956-04-14', '+13512337794',
        'randy_lewis1956@gmail.com', 553.15, '6512219422731316'),
       (1000000000000020, 'Lewis', 'Vincent', '1958-07-29', '+12535208947',
        'randy_lewis1958@gmail.com', 2271.53, '1847970781181655'),
       (1000000000000021, 'Robinson', 'Virginia', '1964-01-27', '+14332445804',
        'virginia_robinson1964@gmail.com', 5000.05, '8421150044070564'),
       (1000000000000022, 'Evans', 'Samantha', '1957-11-29', '+18008981297',
        'samantha_evans1957@gmail.com', 3553.52, '2334034035624917'),
       (1000000000000023, 'Lewis', 'Samantha', '1994-09-07', '+12745438034',
        'samantha_lewis1994@gmail.com', 790.16, '7935744546270180'),
       (1000000000000024, 'Rodriguez', 'Evelyn', '1966-10-15', '+19114279733',
        'evelyn_rodriguez1966@gmail.com', 3402.98, '5774116020826069'),
       (1000000000000025, 'Gonzales', 'Jessica', '1970-08-26', '+11793714013',
        'jessica_gonzales1970@gmail.com', 2432.08, '9087275891147783'),
       (1000000000000026, 'Wilson', 'Dorothy', '1965-06-14', '+13207704782',
        'dorothy_wilson1965@gmail.com', 1647.74, '4554397114032830'),
       (1000000000000027, 'Lee', 'Vincent', '1958-07-15', '+19353342909',
        'vincent_lee1958@gmail.com', 2082.82, '1065409091379059'),
       (1000000000000028, 'Collins', 'James', '1969-08-27', '+15039815790',
        'james_collins1969@gmail.com', 1557.95, '4427067178293714'),
       (1000000000000029, 'Clark', 'Emily', '1980-07-25', '+18060318251',
        'emily_clark1980@gmail.com', 3736.48, '8941445165504713'),
       (1000000000000030, 'Miller', 'Isabella', '1953-02-18', '+17442869559',
        'isabella_miller1953@gmail.com', 4336.80, '3306797733124885'),
       (1000000000000031, 'Brown', 'Charlotte', '1993-03-12', '+13994440326',
        'charlotte_brown1993@gmail.com', 4747.40, '5960062718684871'),
       (1000000000000032, 'Jackson', 'Margaret', '1967-09-05', '+15359844428',
        'amelia_jackson1967@gmail.com', 4288.47, '2964513226212966'),
       (1000000000000033, 'Jackson', 'Amelia', '1978-02-06', '+18351075746',
        'amelia_jackson1978@gmail.com', 677.20, '3690617102746065'),
       (1000000000000034, 'Carter', 'Lucas', '1984-05-28', '+19021131193',
        'lucas_carter1984@gmail.com', 710.04, '5668486787639834'),
       (1000000000000035, 'Jones', 'Vincent', '1988-11-07', '+18797827621',
        'vincent_jones1988@gmail.com', 2123.91, '9070176172231222'),
       (1000000000000036, 'Lee', 'Lucas', '1954-07-13', '+11879311842',
        'lucas_lee1954@gmail.com', 2257.23, '5290947909820621'),
       (1000000000000037, 'White', 'William', '1972-08-09', '+18222248948',
        'william_white1972@gmail.com', 4437.69, '9308778535539875'),
       (1000000000000038, 'Morgan', 'William', '1997-02-10', '+13024046800',
        'william_morgan1997@gmail.com', 839.10, '7973770705064437'),
       (1000000000000039, 'Moore', 'Amelia', '1957-10-16', '+17591225733',
        'margaret_moore1957@gmail.com', 440.72, '7106444230523113'),
       (1000000000000040, 'Perez', 'William', '1956-05-02', '+16395350454',
        'william_perez1956@gmail.com', 1103.47, '7091356664465755');

INSERT INTO users(health_care_card_number, login, password, role, date_joined, avatar_image_path)
VALUES (1000000000000001, 'Carol602', 'bd2d633c5cf0f145ef209ee3be3c8103801a1a6a98ee112632b785002c0a8519', 1,#   qwertyQWERTY1!
        '2020-07-08', '/img/user/1000000000000001.jpg'),
       (1000000000000002, 'Louis371', '5adb8d0326863ede1d6df82efccfdb6dbceeb310946547a68f896116b6508b63', 1,#   tiwibiremdkwrcifzdjpwnwqnckbyy
        '2016-11-18', '/img/user/1000000000000002.jpg'),
       (1000000000000003, 'Noah634', '30cad654e13c9c5ccf05ba62ffad2649efa6bcf3fea31df8f500c73ea5246dad', 1,#   atmhffkbnsqhyemwtlnntnzypiqfjq
        '2011-09-18', '/img/user/1000000000000003.jpg'),
       (1000000000000004, 'Dorothy388', '82546e8423d00ae431019fd59d166cccc389c431f6dc97ca408403c6127e30cc', 1,#   airadnqahvfdgeaucfsuitqcouyscr
        '2005-11-12', '/img/user/1000000000000004.jpg'),
       (1000000000000005, 'Randy518', 'e1acc1f76df601891d278f335694de82348b096135a1a541ad36c78c04dee5c8', 1,#   gaomuzvhtvukacdtlovvvkhetqudtn
        '2006-06-12', '/img/user/1000000000000005.jpg'),
       (1000000000000006, 'admin', '0b752e5b0fbc13e4dce1fb97beec4e32f57b2962299d8e219dd8074f789cd043', 0, '2001-09-07',
        '/img/user/1000000000000006.jpg'),#   testTEST2&
       (1000000000000007, 'Benjamin334', 'ae2ce003f9f3946a0f9aebb85dddd3f21d57e4d256f5d251258a85ccd571f881', 2,#   abcdABCD3#
        '2022-10-20', '/img/user/1000000000000007.jpg'),
       (1000000000000008, 'Mia903', '75b109819fb543377024339c6d58c6df8595ee66e5a73af1a76e5a7fb28f180c', 2,#   bhfrxvqtpgkbrknznvcdusuwxmbkaa
        '2016-02-07', '/img/user/1000000000000008.jpg'),
       (1000000000000009, 'Lucas604', 'bd8c76f8f07151fa502b55b9e27f028cc376146b02cf70a76408245f01a47ea4', 2,#   wnzwogurhnozpkhzosetktygfhfrul
        '2005-10-19', '/img/user/1000000000000009.jpg'),
       (1000000000000010, 'Dorothy496', '1bdda4b6b5f3cc93d1c0690f523c569004cfffca7f6cde33d1382aa060b0907f', 2,#   ejbhhijxxedgffhaceuytavtkffwhj
        '2006-06-06', '/img/user/1000000000000010.jpg'),
       (1000000000000011, 'Samantha720', 'ac3742826d2db2e96e5775b897bb3ab91a8c342ad5a7703b63ea16c51f52bad7', 2,#   soheiuxxlpyctmbdrgjksapojbtedm
        '2003-08-18', '/img/user/1000000000000011.jpg'),
       (1000000000000012, 'Oliver451', 'f4cf3c201d69e84fe28f3254f49d33a9112ef057add5f859cdaca3b33b279969', 2,#   dosqonglerqaffaxjtfgrfnprfgthl
        '2020-06-05', '/img/user/1000000000000012.jpg'),
       (1000000000000013, 'Virginia816', 'c3e5f54289b0f3507f2c194cdfa87380730b1aa32fcd44efb59f7d25668fab61', 2,#   ppiuminycuzinfolverymlmzaegazh
        '2019-02-06', '/img/user/1000000000000013.jpg'),
       (1000000000000014, 'Sophia343', '81b5d05428a0611f6ff6266914b0d0ecb2e4190035add657c01575542f7fb5c8', 2,#   wzsgnuvjgndpezechcjppimecrdvht
        '2012-05-04', '/img/user/1000000000000014.jpg'),
       (1000000000000015, 'Alan748', '64e2d4f4811fb1faec3d86dc32d8eb4540f47f5707464330ff0ac72e6b14fd25', 2,#   oxtzwhvsfiaoetfhqvakrdeftueabr
        '2004-11-05', '/img/user/1000000000000015.jpg'),
       (1000000000000016, 'Vincent731', '1956c141e610ceec31a6c11c9164e36e5b0712176741bc5728615c15f40a6a8a', 2,#   zevwvluyfuqxlvgetedmkseyuehoxf
        '2022-02-15', '/img/user/1000000000000016.jpg'),
       (1000000000000017, 'Isabella846', '5c6592ba3ab98f54fb2f2fb093ae9cfb011df681b758ed5f43a71f0d7ff79ca6', 2,#   xiukjiskslypyfkyootiudjbbepqea
        '2011-05-23', '/img/user/1000000000000017.jpg'),
       (1000000000000018, 'Russell648', 'a8ec0f86360f403191bbd173617b5538347828cbf8ac345325c97eb3f030d5ba', 2,#   ejquetogdxiwjjnhgqjxzlizivhwew
        '2012-10-02', '/img/user/1000000000000018.jpg'),
       (1000000000000019, 'Randy333', '703679cea6e5fcef18e446dca05dbc52eeb05585b708ab772f2cfd5bef365868', 2,#   cbpqrdmplfelxvhmbqtccvpdzysbmi
        '2008-08-05', '/img/user/1000000000000019.jpg'),
       (1000000000000020, 'Vincent714', '443c20179919ba193fb18e9ee19cd292ae8b28a1a332f24761dfaf95da396bdf', 2,#   elrzenhlhfinxzsdxrcpowffmzdhtt
        '2001-05-16', '/img/user/1000000000000020.jpg'),
       (1000000000000021, 'Virginia346', '2ae3dfb0bbde29b4209d2a437db9a5353456784000ee6cf34f59db5389b335cd', 2,#   lyrmdwsvixvhnxulqgniwuffrzspav
        '2018-04-09', '/img/user/1000000000000021.jpg'),
       (1000000000000022, 'Samantha867', 'acdfa7f5291d06243f8f6e7f337d0775de7a7931ceae60a7b99d40f02365fbab', 2,#   csgczgksmquvkbwvdhimmtpmprwgfr
        '2016-01-04', '/img/user/1000000000000022.jpg'),
       (1000000000000023, 'Samantha685', 'cc814af7797f5260d4d6ec9022f6756c0be3e72143343d835e0c8a2fdba48c7b', 2,#   pzvtmmbfkzssfdzcdxqqrrvmxgyljb
        '2020-10-22', '/img/user/1000000000000023.jpg'),
       (1000000000000024, 'Evelyn910', '3d28536c5ca0df6a5341aaee68d1ba5c20aa898b1b66427072756ec0a9ec8fa8', 2,#   mgfcavdublnwiuhhiwgmwdqxtkxnxc
        '2004-11-26', '/img/user/1000000000000024.jpg'),
       (1000000000000025, 'Jessica391', '7c862feaf6d134d73c5c35279902ce92f8643017c097e67a0e26020275138d4c', 2,#   upuaxwnnemuvmndexfddtxuthbltfi
        '2016-03-26', '/img/user/1000000000000025.jpg'),
       (1000000000000026, 'Dorothy527', '7939e51f52cb72943a6ac422939cc10f85fe129337cf0bd848dfa1ca346ecd35', 2,#   dnevdxmoudajngfzigusthochcopct
        '2006-06-03', '/img/user/1000000000000026.jpg'),
       (1000000000000027, 'Vincent716', '487f861890c5ab7f44ca3cc1a3a117a3485376cbba801ab169a244413a4e7ee1', 2,#   wvmmgdzkcvrzazccvdgidunpjyhnmf
        '2017-07-13', '/img/user/1000000000000027.jpg'),
       (1000000000000028, 'James206', 'dde083e863f888c0a25b7b61b2671368978bca1611f81d25ab2e77def001634f', 2,#   hhyvbatkkjjbfoxknqkwziybvafwob
        '2012-09-28', '/img/user/1000000000000028.jpg'),
       (1000000000000029, 'Emily341', 'bbe75805e51b11174751e65e4dbf18958703ad774e2cb88337cacc64086fc9e7', 2,#   qznzmbiakaponbpfgtsnrxvsffjbgb
        '2010-09-23', '/img/user/1000000000000029.jpg'),
       (1000000000000030, 'Isabella174', 'e7d71d6636a7c56c3d47c11a3641f7986fbf1cc443e2f4eedc92a289b1187744', 2,#   dexzxtgafqordszfopylockilajaoq
        '2008-10-16', '/img/user/1000000000000030.jpg'),
       (1000000000000031, 'Charlotte762', '2a26206212c9c757bc60a7286a15f29bddc62f70bcce8f296c28aac355bda24c', 2,#   xgjzvqjipvbteaohzqorectnouyiku
        '2003-03-29', '/img/user/1000000000000031.jpg'),
       (1000000000000032, 'Margaret136', '2927581966045a5f529eeff3991964c6540b16ca2f660cd8907f71593ce7a694', 2,#   ijwyaljmumoflubnwpewvrhbxsowxi
        '2002-05-03', '/img/user/1000000000000032.jpg'),
       (1000000000000033, 'Amelia434', '2b150eb1b889de61d8ebb17a6c71ce30835f25cd6843b9e26c4adc5a12942987', 2,#   peegwxednlmzhgybgjupunoygccpix
        '2009-07-19', '/img/user/1000000000000033.jpg'),
       (1000000000000034, 'Lucas975', '1b2c24fefff3ccfa58f343265e252cdb24c8a3abcc86ead1574569b4eb784560', 2,#   oivqwozakfzbzqqdspkbvtoodtqdor
        '2016-11-20', '/img/user/1000000000000034.jpg'),
       (1000000000000035, 'Vincent566', '10395b6f47a26b42660db92e7093da5ec15f98353393428d07b3776e2d1dd992', 2,#   swrwoaaiyahawsybfbvrivfrsdlecn
        '2020-06-03', '/img/user/1000000000000035.jpg'),
       (1000000000000036, 'Lucas836', '7dfcf31b788cdeb56874b6daa76a2f83d0e2e2107fca5fabd67506b058e701ad', 2,#   nsupoficnpiuhhsvnsmqvthvyamrtd
        '2013-05-08', '/img/user/1000000000000036.jpg'),
       (1000000000000037, 'William677', 'c226bd07f477ee21a66f368ca58255164dd7f2be64d24d6ad97918327fd4e5e7', 2,#   bggwsvgziugdhhpuvunrlaywiuiqwg
        '2007-08-16', '/img/user/1000000000000037.jpg'),
       (1000000000000038, 'William729', '0ced56e716c6299bb1cc0b7d603ac09bf18ffb5d7482739e5a7c71f61ba36b51', 2,#   lbjbtkudasvnlebhkvulprycevzkkj
        '2021-05-05', '/img/user/1000000000000038.jpg'),
       (1000000000000039, 'Amelia984', 'cbca2ca244792ae87ba71dc5b60a74137b9be7bdbb37f760fed497c7af5410c6', 2,#   uymuntusukrfstekgvydqyponkixjr
        '2018-08-29', '/img/user/1000000000000039.jpg'),
       (1000000000000040, 'William811', '412af9d29943d793a57e803005cb394bbecb596fa3519aeafa2b8480d3bda87b', 2,#   zxudooppumlxavsagdavnyixzqijyk
        '2003-06-29', '/img/user/1000000000000040.jpg');

INSERT INTO prescription_requests(id, prescription_scan_path, upload_date_time, prescription_request_status,
                                  health_care_card_number)
VALUES (1, '/img/prescriptionScan/1.jpg', '2020-06-06 13:17:17', 'APPROVED', 1000000000000001),
       (2, '/img/prescriptionScan/2.jpg', '2018-03-30 17:14:19', 'UNPROCESSED', 1000000000000001),
       (3, '/img/prescriptionScan/3.jpg', '2017-05-17 08:51:49', 'APPROVED', 1000000000000001),
       (4, '/img/prescriptionScan/4.jpg', '2019-01-29 16:26:09', 'UNPROCESSED', 1000000000000001),
       (5, '/img/prescriptionScan/5.jpg', '2020-06-22 12:02:26', 'APPROVED', 1000000000000001),
       (6, '/img/prescriptionScan/6.jpg', '2018-07-06 15:23:45', 'APPROVED', 1000000000000002),
       (7, '/img/prescriptionScan/7.jpg', '2020-02-17 02:38:25', 'UNPROCESSED', 1000000000000003),
       (8, '/img/prescriptionScan/8.jpg', '2020-02-17 02:38:25', 'UNPROCESSED', 1000000000000004),
       (9, '/img/prescriptionScan/9.jpg', '2020-02-17 02:38:25', 'UNPROCESSED', 1000000000000005),
       (10, '/img/prescriptionScan/10.jpg', '2020-02-17 02:38:25', 'UNPROCESSED', 1000000000000006),
       (11, '/img/prescriptionScan/11.jpg', '2020-02-17 02:38:25', 'UNPROCESSED', 1000000000000006),
       (12, '/img/prescriptionScan/12.jpg', '2020-02-17 02:38:25', 'UNPROCESSED', 1000000000000006),
       (13, '/img/prescriptionScan/13.jpg', '2020-02-17 02:38:25', 'UNPROCESSED', 1000000000000006),
       (14, '/img/prescriptionScan/14.jpg', '2020-02-17 02:38:25', 'UNPROCESSED', 1000000000000006),
       (15, '/img/prescriptionScan/15.jpg', '2020-02-17 02:38:25', 'UNPROCESSED', 1000000000000007),
       (16, '/img/prescriptionScan/16.jpg', '2020-02-17 02:38:25', 'UNPROCESSED', 1000000000000007),
       (17, '/img/prescriptionScan/17.jpg', '2020-02-17 02:38:25', 'UNPROCESSED', 1000000000000007),
       (18, '/img/prescriptionScan/18.jpg', '2020-02-17 02:38:25', 'UNPROCESSED', 1000000000000007),
       (19, '/img/prescriptionScan/19.jpg', '2020-02-17 02:38:25', 'DISMISSED', 1000000000000007),
       (20, '/img/prescriptionScan/20.jpg', '2021-09-28 12:24:06', 'UNPROCESSED', 1000000000000008),
       (21, '/img/prescriptionScan/21.jpg', '2022-07-02 09:27:08', 'UNPROCESSED', 1000000000000009),
       (22, '/img/prescriptionScan/22.jpg', '2018-10-30 19:14:27', 'APPROVED', 1000000000000010);

INSERT INTO prescriptions(id, health_care_card_number, medicine_product_id, amount, date)
VALUES (1, 1000000000000001, 18, 4, '2020-06-06'),
       (2, 1000000000000001, 59, 7, '2017-02-10'),
       (3, 1000000000000001, 58, 8, '2021-09-27'),
       (4, 1000000000000001, 32, 7, '2020-10-18'),
       (5, 1000000000000001, 12, 3, '2020-01-08'),
       (6, 1000000000000001, 29, 5, '2020-12-20'),
       (7, 1000000000000002, 56, 2, '2018-07-29'),
       (8, 1000000000000003, 55, 4, '2020-06-28'),
       (9, 1000000000000003, 54, 6, '2017-02-13'),
       (10, 1000000000000004, 53, 9, '2021-06-21'),
       (11, 1000000000000005, 52, 3, '2020-11-25'),
       (12, 1000000000000005, 51, 6, '2020-02-17'),
       (13, 1000000000000005, 50, 9, '2018-05-15'),
       (14, 1000000000000006, 11, 4, '2020-04-09'),
       (15, 1000000000000006, 5, 1, '2018-02-19'),
       (16, 1000000000000006, 26, 8, '2018-08-15'),
       (17, 1000000000000006, 17, 4, '2019-01-06'),
       (18, 1000000000000006, 41, 9, '2020-03-02'),
       (19, 1000000000000006, 30, 2, '2019-10-01'),
       (20, 1000000000000007, 38, 5, '2018-03-28'),
       (21, 1000000000000007, 14, 2, '2018-07-11'),
       (22, 1000000000000007, 20, 4, '2018-04-22'),
       (23, 1000000000000007, 15, 1, '2019-04-14'),
       (24, 1000000000000007, 22, 1, '2020-07-09'),
       (25, 1000000000000007, 41, 2, '2018-06-03'),
       (26, 1000000000000008, 49, 10, '2019-10-08'),
       (27, 1000000000000008, 46, 3, '2019-05-29'),
       (28, 1000000000000008, 2, 7, '2020-06-18'),
       (29, 1000000000000009, 44, 4, '2021-05-22'),
       (30, 1000000000000010, 43, 3, '2018-11-19'),
       (31, 1000000000000011, 42, 4, '2017-06-28'),
       (32, 1000000000000011, 41, 4, '2018-03-20'),
       (33, 1000000000000011, 5, 8, '2018-08-16'),
       (34, 1000000000000011, 1, 4, '2018-11-19'),
       (35, 1000000000000012, 38, 2, '2019-04-20'),
       (36, 1000000000000012, 37, 1, '2019-10-12'),
       (37, 1000000000000012, 36, 9, '2021-04-28'),
       (38, 1000000000000013, 35, 9, '2019-06-22'),
       (39, 1000000000000013, 34, 5, '2022-12-25'),
       (40, 1000000000000013, 33, 4, '2020-05-04'),
       (41, 1000000000000014, 32, 7, '2019-05-22'),
       (42, 1000000000000014, 31, 7, '2022-07-20'),
       (43, 1000000000000015, 30, 9, '2022-07-27'),
       (44, 1000000000000015, 29, 9, '2019-03-19'),
       (45, 1000000000000015, 28, 9, '2018-07-06'),
       (46, 1000000000000015, 27, 5, '2021-03-15'),
       (47, 1000000000000016, 26, 4, '2022-11-29'),
       (48, 1000000000000016, 3, 7, '2020-09-19'),
       (49, 1000000000000016, 8, 7, '2018-01-11'),
       (50, 1000000000000017, 23, 10, '2022-02-11'),
       (51, 1000000000000017, 22, 5, '2018-03-16'),
       (52, 1000000000000018, 21, 5, '2018-07-27'),
       (53, 1000000000000019, 20, 4, '2017-02-07'),
       (54, 1000000000000020, 19, 10, '2018-11-09'),
       (55, 1000000000000020, 18, 5, '2018-01-08'),
       (56, 1000000000000020, 17, 7, '2019-04-19'),
       (57, 1000000000000021, 7, 3, '2018-03-23'),
       (58, 1000000000000021, 15, 6, '2020-02-14'),
       (59, 1000000000000021, 14, 6, '2021-05-24'),
       (60, 1000000000000022, 13, 1, '2017-09-25'),
       (61, 1000000000000023, 12, 10, '2021-10-07'),
       (62, 1000000000000023, 11, 8, '2019-06-26'),
       (63, 1000000000000024, 2, 11, '2018-12-07'),
       (64, 1000000000000024, 4, 8, '2019-03-18'),
       (65, 1000000000000025, 8, 4, '2019-05-16'),
       (66, 1000000000000026, 7, 10, '2022-07-27'),
       (67, 1000000000000026, 27, 3, '2021-05-29'),
       (68, 1000000000000027, 5, 10, '2019-05-02'),
       (69, 1000000000000027, 4, 8, '2018-03-13'),
       (70, 1000000000000027, 3, 5, '2017-04-21'),
       (71, 1000000000000028, 2, 8, '2021-10-12'),
       (72, 1000000000000028, 1, 6, '2020-06-27'),
       (73, 1000000000000029, 29, 10, '2018-10-27'),
       (74, 1000000000000029, 59, 7, '2018-02-18'),
       (75, 1000000000000030, 58, 6, '2020-12-17'),
       (76, 1000000000000031, 57, 9, '2019-01-27'),
       (77, 1000000000000031, 56, 1, '2018-07-25'),
       (78, 1000000000000031, 55, 10, '2021-09-28'),
       (79, 1000000000000031, 54, 10, '2022-03-05'),
       (80, 1000000000000032, 53, 3, '2018-04-09'),
       (81, 1000000000000032, 52, 8, '2019-07-12'),
       (82, 1000000000000033, 51, 11, '2020-10-27'),
       (83, 1000000000000033, 50, 2, '2018-09-07'),
       (84, 1000000000000034, 49, 10, '2018-05-17'),
       (85, 1000000000000034, 23, 7, '2020-05-05'),
       (86, 1000000000000034, 20, 4, '2021-06-22'),
       (87, 1000000000000034, 46, 2, '2021-11-21'),
       (88, 1000000000000034, 18, 8, '2022-07-02'),
       (89, 1000000000000035, 44, 3, '2020-05-11'),
       (90, 1000000000000035, 43, 3, '2021-10-13'),
       (91, 1000000000000035, 42, 8, '2019-08-09'),
       (92, 1000000000000036, 41, 10, '2017-03-29'),
       (93, 1000000000000036, 15, 4, '2022-04-09'),
       (94, 1000000000000036, 17, 4, '2017-05-09'),
       (95, 1000000000000037, 38, 4, '2019-03-11'),
       (96, 1000000000000038, 37, 8, '2018-11-13'),
       (97, 1000000000000038, 36, 4, '2018-07-21'),
       (98, 1000000000000038, 35, 3, '2020-05-24'),
       (99, 1000000000000039, 34, 3, '2020-07-06'),
       (100, 1000000000000039, 33, 10, '2022-12-12'),
       (101, 1000000000000039, 32, 5, '2022-11-22'),
       (102, 1000000000000039, 31, 9, '2019-02-24'),
       (103, 1000000000000040, 30, 2, '2020-04-26'),
       (104, 1000000000000040, 29, 10, '2018-08-22'),
       (105, 1000000000000040, 28, 2, '2020-08-16');

INSERT INTO orders(id, health_care_card_number, medicine_product_id, amount, price, date_time, payment_card_number,
                   contact_phone, delivery_address)
VALUES (1, 1000000000000001, 13, 4, 149.17, '2020-06-06 13:17:17', '7594766839582346', '+11279081047',
        '99950, Washington, Cherry street 54, 28'),
       (2, 1000000000000001, 15, 3, 285.25, '2017-02-18 05:10:44', '7594766839582346', '+11279081047',
        '99950, Washington, Cherry street 54, 28'),
       (3, 1000000000000001, 10, 8, 241.89, '2021-09-29 21:48:13', '7594766839582346', '+11279081047',
        '99950, Washington, Cherry street 54, 28'),
       (4, 1000000000000001, 40, 6, 4.17, '2020-07-05 07:57:49', '7594766839582346', '+11279081047',
        '99950, Washington, Cherry street 54, 28'),
       (5, 1000000000000002, 1, 2, 7.96, '2018-07-30 10:58:59', '8673967441856693', '+11735329030',
        '00501, Cleveland, Willow street 148, 4'),
       (6, 1000000000000003, 31, 2, 4.58, '2020-06-28 18:51:31', '7561094820075356', '+18421332846',
        '33122, Columbus, Mill street 109, 38'),
       (7, 1000000000000003, 11, 4, 51.49, '2017-02-15 14:47:43', '7561094820075356', '+18421332846',
        '33122, Columbus, Mill street 109, 38'),
       (8, 1000000000000004, 40, 9, 4.17, '2021-06-27 04:39:53', '7553769994856933', '+12468286213',
        '10551, Buffalo, Park street 63, 35'),
       (9, 1000000000000005, 26, 2, 116.94, '2020-11-26 15:28:36', '2909409703745245', '+13711961544',
        '30374, Omaha, Birch street 38, 29'),
       (10, 1000000000000005, 23, 6, 224.74, '2020-02-17 02:38:25', '2909409703745245', '+13711961544',
        '30374, Omaha, Birch street 38, 29'),
       (11, 1000000000000005, 7, 6, 296.84, '2018-06-02 14:06:16', '2909409703745245', '+13711961544',
        '30374, Omaha, Birch street 38, 29'),
       (12, 1000000000000006, 30, 4, 45.36, '2020-04-10 07:34:30', '9582007829643215', '+17213232070',
        '10020, Boston, Oak street 17, 6'),
       (13, 1000000000000007, 2, 5, 97.26, '2018-03-30 17:14:19', '7867140722395394', '+16446667131',
        '94229, Houston, Elm street 65, 43'),
       (14, 1000000000000008, 27, 4, 137.52, '2019-10-18 22:31:44', '4995610014131248', '+19035250344',
        '46209, Portland, Mill street 121, 20'),
       (15, 1000000000000008, 39, 3, 237.99, '2019-06-01 14:41:17', '4995610014131248', '+19035250344',
        '46209, Portland, Mill street 121, 20'),
       (16, 1000000000000008, 44, 7, 258.74, '2020-06-22 12:02:26', '4995610014131248', '+19035250344',
        '46209, Portland, Mill street 121, 20'),
       (17, 1000000000000009, 10, 4, 241.89, '2021-05-28 21:59:57', '6508153118042907', '+13427455498',
        '00544, Des Moines, Mill street 195, 17'),
       (18, 1000000000000010, 29, 3, 75.21, '2018-11-20 11:52:54', '9411588814254838', '+19715179594',
        '94177, Columbus, Spring street 91, 11'),
       (19, 1000000000000011, 16, 4, 4.72, '2017-06-28 17:07:14', '4215950349557450', '+12071480871',
        '90086, Louisville, Lake street 121, 51'),
       (20, 1000000000000011, 15, 4, 285.25, '2018-04-11 22:36:29', '4215950349557450', '+12071480871',
        '90086, Louisville, Lake street 121, 51'),
       (21, 1000000000000011, 27, 7, 137.52, '2018-08-19 08:07:39', '4215950349557450', '+12071480871',
        '90086, Louisville, Lake street 121, 51'),
       (22, 1000000000000011, 25, 4, 192.29, '2018-11-23 02:52:01', '4215950349557450', '+12071480871',
        '90086, Louisville, Lake street 121, 51'),
       (23, 1000000000000012, 12, 2, 293.33, '2019-04-26 20:59:52', '9294043761709207', '+19749243601',
        '90213, Phoenix, Main street 79, 45'),
       (24, 1000000000000012, 9, 1, 239.15, '2019-10-15 12:39:41', '9294043761709207', '+19749243601',
        '90213, Phoenix, Main street 79, 45'),
       (25, 1000000000000012, 40, 5, 4.17, '2021-04-30 18:32:35', '9294043761709207', '+19749243601',
        '90213, Phoenix, Main street 79, 45'),
       (26, 1000000000000013, 14, 3, 285.34, '2019-06-22 17:21:43', '9248722810643691', '+11902647316',
        '90312, Albuquerque, Sycamore street 133, 35'),
       (27, 1000000000000013, 16, 5, 4.72, '2022-12-31 10:31:39', '9248722810643691', '+11902647316',
        '90312, Albuquerque, Sycamore street 133, 35'),
       (28, 1000000000000013, 42, 2, 141.57, '2020-05-07 18:34:32', '9248722810643691', '+11902647316',
        '90312, Albuquerque, Sycamore street 133, 35'),
       (29, 1000000000000014, 17, 6, 161.24, '2019-05-28 03:49:12', '7806960316351622', '+16266918981',
        '20210, Detroit, Valley street 149, 36'),
       (30, 1000000000000014, 15, 4, 285.25, '2022-07-22 19:19:24', '7806960316351622', '+16266918981',
        '20210, Detroit, Valley street 149, 36'),
       (31, 1000000000000015, 48, 7, 46.48, '2022-07-29 04:48:03', '6410609807024890', '+18900227787',
        '43027, Detroit, Hill street 77, 25'),
       (32, 1000000000000015, 37, 7, 129.93, '2019-03-20 05:44:30', '6410609807024890', '+18900227787',
        '43027, Detroit, Hill street 77, 25'),
       (33, 1000000000000015, 33, 7, 115.87, '2018-07-06 15:23:45', '6410609807024890', '+18900227787',
        '43027, Detroit, Hill street 77, 25'),
       (34, 1000000000000015, 8, 4, 216.27, '2021-03-15 12:45:21', '6410609807024890', '+18900227787',
        '43027, Detroit, Hill street 77, 25'),
       (35, 1000000000000016, 25, 2, 192.29, '2022-12-02 13:12:55', '3215657260959000', '+17243114200',
        '43010, Sacramento, Sycamore street 79, 44'),
       (36, 1000000000000016, 20, 3, 212.92, '2020-09-24 18:19:16', '3215657260959000', '+17243114200',
        '43010, Sacramento, Sycamore street 79, 44'),
       (37, 1000000000000016, 53, 3, 297.29, '2018-01-12 13:16:39', '3215657260959000', '+17243114200',
        '43010, Sacramento, Sycamore street 79, 44'),
       (38, 1000000000000017, 58, 8, 170.66, '2022-02-21 08:36:14', '6849906903459386', '+15505195216',
        '43336, Memphis, Mill street 105, 49'),
       (39, 1000000000000017, 44, 4, 258.74, '2018-03-18 15:40:52', '6849906903459386', '+15505195216',
        '43336, Memphis, Mill street 105, 49'),
       (40, 1000000000000018, 42, 4, 141.57, '2018-07-28 20:16:08', '9436413343367910', '+14887926646',
        '43093, Austin, Ridge street 99, 15'),
       (41, 1000000000000019, 33, 3, 115.87, '2017-02-07 13:55:34', '6512219422731316', '+13512337794',
        '43058, Houston, Maple street 71, 7'),
       (42, 1000000000000020, 36, 7, 112.63, '2018-11-10 10:27:52', '1847970781181655', '+12535208947',
        '43030, Arlington, Third street 86, 14'),
       (43, 1000000000000020, 49, 3, 151.04, '2018-01-10 12:17:22', '1847970781181655', '+12535208947',
        '43030, Arlington, Third street 86, 14'),
       (44, 1000000000000020, 41, 6, 126.65, '2019-04-19 01:02:08', '1847970781181655', '+12535208947',
        '43030, Arlington, Third street 86, 14'),
       (45, 1000000000000021, 17, 2, 161.24, '2018-03-25 06:19:36', '8421150044070564', '+14332445804',
        '96898, Boston, Cedar street 52, 20'),
       (46, 1000000000000021, 44, 5, 258.74, '2020-02-18 23:10:26', '8421150044070564', '+14332445804',
        '96898, Boston, Cedar street 52, 20'),
       (47, 1000000000000021, 50, 3, 13.46, '2021-05-24 21:32:42', '8421150044070564', '+14332445804',
        '96898, Boston, Cedar street 52, 20'),
       (48, 1000000000000022, 14, 1, 285.34, '2017-09-29 18:28:46', '2334034035624917', '+18008981297',
        '01093, Nashville, North street 119, 21'),
       (49, 1000000000000023, 21, 9, 270.37, '2021-10-27 19:52:29', '7935744546270180', '+12745438034',
        '01031, Des Moines, Cherry street 163, 21'),
       (50, 1000000000000023, 24, 6, 159.43, '2019-06-30 06:31:48', '7935744546270180', '+12745438034',
        '01031, Des Moines, Cherry street 163, 21'),
       (51, 1000000000000024, 8, 9, 216.27, '2018-12-15 17:59:38', '5774116020826069', '+19114279733',
        '01101, Arlington, Sycamore street 83, 26'),
       (52, 1000000000000024, 14, 7, 285.34, '2019-03-19 19:09:51', '5774116020826069', '+19114279733',
        '01101, Arlington, Sycamore street 83, 26'),
       (53, 1000000000000025, 9, 2, 239.15, '2019-05-16 04:09:02', '9087275891147783', '+11793714013',
        '01079, Buffalo, View street 97, 9'),
       (54, 1000000000000026, 52, 6, 58.20, '2022-07-27 21:06:08', '4554397114032830', '+13207704782',
        '01059, Chicago, Elm street 35, 19'),
       (55, 1000000000000026, 12, 2, 293.33, '2021-06-11 05:03:14', '4554397114032830', '+13207704782',
        '01059, Chicago, Elm street 35, 19'),
       (56, 1000000000000027, 57, 8, 142.77, '2019-05-12 21:54:01', '1065409091379059', '+19353342909',
        '01009, Houston, Sunset street 189, 14'),
       (57, 1000000000000027, 57, 7, 142.77, '2018-03-23 12:41:40', '1065409091379059', '+19353342909',
        '01009, Houston, Sunset street 189, 14'),
       (58, 1000000000000027, 31, 4, 4.58, '2017-04-24 22:52:44', '1065409091379059', '+19353342909',
        '01009, Houston, Sunset street 189, 14'),
       (59, 1000000000000028, 20, 8, 212.92, '2021-10-13 05:03:48', '4427067178293714', '+15039815790',
        '01004, Louisville, Lake street 152, 41'),
       (60, 1000000000000028, 52, 5, 58.20, '2020-06-29 20:02:20', '4427067178293714', '+15039815790',
        '01004, Louisville, Lake street 152, 41'),
       (61, 1000000000000029, 14, 7, 285.34, '2018-10-30 19:14:27', '8941445165504713', '+18060318251',
        '01094, Chicago, Ridge street 36, 43'),
       (62, 1000000000000029, 50, 5, 13.46, '2018-02-22 04:15:46', '8941445165504713', '+18060318251',
        '01094, Chicago, Ridge street 36, 43'),
       (63, 1000000000000030, 13, 4, 149.17, '2020-12-18 21:36:16', '3306797733124885', '+17442869559',
        '98071, Sacramento, Lincoln street 187, 15'),
       (64, 1000000000000031, 26, 6, 116.94, '2019-01-29 16:26:09', '5960062718684871', '+13994440326',
        '98291, Orlando, Park street 41, 45'),
       (65, 1000000000000031, 23, 7, 224.74, '2018-07-30 18:16:14', '5960062718684871', '+13994440326',
        '98291, Orlando, Park street 41, 45'),
       (66, 1000000000000031, 57, 8, 142.77, '2021-09-28 12:24:06', '5960062718684871', '+13994440326',
        '98291, Orlando, Park street 41, 45'),
       (67, 1000000000000031, 24, 8, 159.43, '2022-03-10 15:15:50', '5960062718684871', '+13994440326',
        '98291, Orlando, Park street 41, 45'),
       (68, 1000000000000032, 28, 2, 48.84, '2018-04-17 23:12:46', '2964513226212966', '+15359844428',
        '98093, Salem, Cedar street 81, 29'),
       (69, 1000000000000032, 57, 1, 142.77, '2019-07-15 22:49:38', '2964513226212966', '+15359844428',
        '98093, Salem, Cedar street 81, 29'),
       (70, 1000000000000033, 11, 9, 51.49, '2020-10-28 12:44:50', '3690617102746065', '+18351075746',
        '98083, Arlington, Lake street 191, 10'),
       (71, 1000000000000033, 24, 1, 159.43, '2018-09-12 12:12:21', '3690617102746065', '+18351075746',
        '98083, Arlington, Lake street 191, 10'),
       (72, 1000000000000034, 46, 8, 109.01, '2018-05-18 16:32:43', '5668486787639834', '+19021131193',
        '98064, Cleveland, Oak street 73, 30'),
       (73, 1000000000000034, 27, 6, 137.52, '2020-05-14 05:29:13', '5668486787639834', '+19021131193',
        '98064, Cleveland, Oak street 73, 30'),
       (74, 1000000000000034, 3, 2, 237.99, '2021-06-22 12:06:04', '5668486787639834', '+19021131193',
        '98064, Cleveland, Oak street 73, 30'),
       (75, 1000000000000034, 47, 1, 213.96, '2021-11-21 16:27:26', '5668486787639834', '+19021131193',
        '98064, Cleveland, Oak street 73, 30'),
       (76, 1000000000000034, 11, 6, 51.49, '2022-07-02 09:27:08', '5668486787639834', '+19021131193',
        '98064, Cleveland, Oak street 73, 30'),
       (77, 1000000000000035, 22, 2, 22.04, '2020-05-12 19:20:46', '9070176172231222', '+18797827621',
        '98046, Chicago, Main street 25, 24'),
       (78, 1000000000000035, 30, 2, 45.36, '2021-10-15 23:50:50', '9070176172231222', '+18797827621',
        '98046, Chicago, Main street 25, 24'),
       (79, 1000000000000035, 49, 7, 151.04, '2019-08-19 21:58:18', '9070176172231222', '+18797827621',
        '98046, Chicago, Main street 25, 24'),
       (80, 1000000000000036, 7, 7, 296.84, '2017-03-30 23:57:47', '5290947909820621', '+11879311842',
        '98015, Phoenix, Maple street 31, 14'),
       (81, 1000000000000036, 11, 2, 51.49, '2022-04-29 17:21:33', '5290947909820621', '+11879311842',
        '98015, Phoenix, Maple street 31, 14'),
       (82, 1000000000000036, 6, 3, 22.89, '2017-05-17 08:51:49', '5290947909820621', '+11879311842',
        '98015, Phoenix, Maple street 31, 14'),
       (83, 1000000000000037, 15, 1, 285.25, '2019-03-13 20:57:51', '9308778535539875', '+18222248948',
        '08073, Portland, Oak street 80, 29'),
       (84, 1000000000000038, 29, 5, 75.21, '2018-11-15 06:07:50', '7973770705064437', '+13024046800',
        '32056, Denver, Spring street 148, 28'),
       (85, 1000000000000038, 40, 3, 4.17, '2018-07-22 03:22:39', '7973770705064437', '+13024046800',
        '32056, Denver, Spring street 148, 28'),
       (86, 1000000000000038, 14, 2, 285.34, '2020-05-28 20:05:58', '7973770705064437', '+13024046800',
        '32056, Denver, Spring street 148, 28'),
       (87, 1000000000000039, 52, 1, 58.20, '2020-07-06 14:31:47', '7106444230523113', '+17591225733',
        '00851, Louisville, Main street 46, 43'),
       (88, 1000000000000039, 54, 9, 59.19, '2022-12-18 10:42:45', '7106444230523113', '+17591225733',
        '00851, Louisville, Main street 46, 43'),
       (89, 1000000000000039, 54, 4, 59.19, '2022-11-23 14:34:19', '7106444230523113', '+17591225733',
        '00851, Louisville, Main street 46, 43'),
       (90, 1000000000000039, 39, 2, 237.99, '2019-03-05 08:16:16', '7106444230523113', '+17591225733',
        '00851, Louisville, Main street 46, 43'),
       (91, 1000000000000040, 3, 1, 237.99, '2020-04-29 22:17:16', '7091356664465755', '+16395350454',
        '42223, Cleveland, Cedar street 24, 11'),
       (92, 1000000000000040, 11, 5, 51.49, '2018-09-04 23:25:16', '7091356664465755', '+16395350454',
        '42223, Cleveland, Cedar street 24, 11'),
       (93, 1000000000000040, 5, 1, 299.34, '2020-08-17 22:44:11', '7091356664465755', '+16395350454',
        '42223, Cleveland, Cedar street 24, 11'),
       (94, 1000000000000001, 10, 1, 36.10, '2020-01-05 07:57:49', '7594766839582346', '+11279081047',
        '99950, Washington, Cherry street 54, 28'),
       (95, 1000000000000001, 12, 3, 80.45, '2018-04-02 07:57:49', '7594766839582346', '+11279081047',
        '99950, Washington, Cherry street 54, 28'),
       (96, 1000000000000006, 21, 2, 99.99, '2017-03-10 07:34:30', '9582007829643215', '+17213232070',
        '10020, Boston, Oak street 17, 6'),
       (97, 1000000000000006, 17, 2, 43.60, '2017-01-07 07:34:30', '9582007829643215', '+17213232070',
        '10020, Boston, Oak street 17, 6'),
       (98, 1000000000000006, 7, 4, 45.36, '2019-10-06 07:34:30', '9582007829643215', '+17213232070',
        '10020, Boston, Oak street 17, 6'),
       (99, 1000000000000006, 13, 4, 21.78, '2017-11-08 07:34:30', '9582007829643215', '+17213232070',
        '10020, Boston, Oak street 17, 6'),
       (100, 1000000000000006, 4, 1, 17.00, '2020-08-08 07:34:30', '9582007829643215', '+17213232070',
        '10020, Boston, Oak street 17, 6'),
       (101, 1000000000000007, 7, 8, 80.77, '2018-09-20 17:14:19', '7867140722395394', '+16446667131',
        '94229, Houston, Elm street 65, 43'),
       (102, 1000000000000007, 5, 2, 70.55, '2017-10-15 17:14:19', '7867140722395394', '+16446667131',
        '94229, Houston, Elm street 65, 43'),
       (103, 1000000000000007, 19, 3, 20.87, '2019-05-18 17:14:19', '7867140722395394', '+16446667131',
        '94229, Houston, Elm street 65, 43'),
       (104, 1000000000000007, 25, 3, 16.41, '2020-05-11 17:14:19', '7867140722395394', '+16446667131',
        '94229, Houston, Elm street 65, 43'),
       (105, 1000000000000007, 29, 6, 23.18, '2020-02-04 17:14:19', '7867140722395394', '+16446667131',
        '94229, Houston, Elm street 65, 43');

INSERT INTO carts(id, health_care_card_number, medicine_product_id, cart_order)
VALUES (1, 1000000000000001, 13, 0),
       (2, 1000000000000001, 15, 1),
       (3, 1000000000000001, 10, 2),
       (4, 1000000000000001, 40, 3),
       (5, 1000000000000002, 1, 4),
       (6, 1000000000000003, 31, 5),
       (7, 1000000000000003, 11, 6),
       (8, 1000000000000004, 40, 7),
       (9, 1000000000000005, 26, 8),
       (10, 1000000000000005, 23, 9),
       (11, 1000000000000005, 7, 10),
       (12, 1000000000000006, 30, 11),
       (13, 1000000000000007, 2, 12),
       (14, 1000000000000008, 27, 13),
       (15, 1000000000000008, 39, 14),
       (16, 1000000000000008, 44, 15),
       (17, 1000000000000009, 10, 16),
       (18, 1000000000000010, 29, 17),
       (19, 1000000000000011, 16, 18),
       (20, 1000000000000011, 15, 19),
       (21, 1000000000000011, 27, 20),
       (22, 1000000000000011, 25, 21),
       (23, 1000000000000012, 12, 22),
       (24, 1000000000000012, 9, 23),
       (25, 1000000000000012, 40, 24),
       (26, 1000000000000013, 14, 25),
       (27, 1000000000000013, 16, 26),
       (28, 1000000000000013, 42, 27),
       (29, 1000000000000014, 17, 28),
       (30, 1000000000000014, 15, 29),
       (31, 1000000000000015, 48, 30),
       (32, 1000000000000015, 37, 31),
       (33, 1000000000000015, 33, 32),
       (34, 1000000000000015, 8, 33),
       (35, 1000000000000016, 25, 34),
       (36, 1000000000000016, 20, 35),
       (37, 1000000000000016, 53, 36),
       (38, 1000000000000017, 58, 37),
       (39, 1000000000000017, 44, 38),
       (40, 1000000000000018, 42, 39),
       (41, 1000000000000019, 33, 40),
       (42, 1000000000000020, 36, 41),
       (43, 1000000000000020, 49, 42),
       (44, 1000000000000020, 41, 43),
       (45, 1000000000000021, 17, 44),
       (46, 1000000000000021, 44, 45),
       (47, 1000000000000021, 50, 46),
       (48, 1000000000000022, 14, 47),
       (49, 1000000000000023, 21, 48),
       (50, 1000000000000023, 24, 49),
       (51, 1000000000000024, 8, 50),
       (52, 1000000000000024, 14, 51),
       (53, 1000000000000025, 9, 52),
       (54, 1000000000000026, 52, 53),
       (55, 1000000000000026, 12, 54),
       (56, 1000000000000027, 57, 55),
       (57, 1000000000000027, 17, 56),
       (58, 1000000000000027, 31, 57),
       (59, 1000000000000028, 20, 58),
       (60, 1000000000000028, 52, 59),
       (61, 1000000000000029, 14, 60),
       (62, 1000000000000029, 50, 61),
       (63, 1000000000000030, 13, 62),
       (64, 1000000000000031, 26, 63),
       (65, 1000000000000031, 23, 64),
       (66, 1000000000000031, 57, 65),
       (67, 1000000000000031, 24, 66),
       (68, 1000000000000032, 28, 67),
       (69, 1000000000000032, 57, 68),
       (70, 1000000000000033, 11, 69),
       (71, 1000000000000033, 24, 70),
       (72, 1000000000000034, 46, 71),
       (73, 1000000000000034, 27, 72),
       (74, 1000000000000034, 3, 73),
       (75, 1000000000000034, 47, 74),
       (76, 1000000000000034, 11, 75),
       (77, 1000000000000035, 22, 76),
       (78, 1000000000000035, 30, 77),
       (79, 1000000000000035, 49, 78),
       (80, 1000000000000036, 7, 79),
       (81, 1000000000000036, 11, 80),
       (82, 1000000000000036, 6, 81),
       (83, 1000000000000037, 15, 82),
       (84, 1000000000000038, 29, 83),
       (85, 1000000000000038, 40, 84),
       (86, 1000000000000038, 14, 85),
       (87, 1000000000000039, 52, 86),
       (88, 1000000000000039, 54, 87),
       (89, 1000000000000039, 12, 88),
       (90, 1000000000000039, 39, 89),
       (91, 1000000000000040, 3, 90),
       (92, 1000000000000040, 11, 91),
       (93, 1000000000000040, 5, 92);
       